image_id,gender,masterCategory,subCategory,articleType,baseColour,season,year,usage,productDisplayName,,
15970,Men,Apparel,Topwear,Shirts,Navy Blue,Fall,2011,Casual,Turtle Check Men Navy Blue Shirt,,
30805,Men,Apparel,Topwear,Shirts,Green,Summer,2012,Ethnic,Fabindia Men Striped Green Shirt,,
26960,Women,Apparel,Topwear,Shirts,Purple,Summer,2012,Casual,Jealous 21 Women Purple Shirt,,
12369,Men,Apparel,Topwear,Shirts,Purple,Fall,2011,Formal,Reid & Taylor Men Check Purple Shirts,,
37812,Men,Apparel,Topwear,Shirts,Navy Blue,Summer,2012,Formal,John Players Men Navy Blue Shirt,,
56825,Men,Apparel,Topwear,Shirts,Brown,Summer,2012,Casual,John Players Men Brown Shirt,,
9452,Men,Apparel,Topwear,Shirts,Red,Fall,2011,Formal,John Miller Men Stripes White Red Shirts,,
4943,Men,Apparel,Topwear,Shirts,White,Summer,2011,Casual,Gini and Jony Boy's Kaleb White Brown Kidswear,,
9660,Men,Apparel,Topwear,Shirts,Pink,Fall,2011,Casual,Indigo Nation Men Reversible Bling Pink Shirts,,
12190,Men,Apparel,Topwear,Shirts,Blue,Fall,2011,Casual,Basics Men Blue Slim Fit Checked Shirt,,
14055,Men,Apparel,Topwear,Shirts,Green,Fall,2011,Casual,Flying Machine Men Check Green Shirts,,
34036,Boys,Apparel,Topwear,Shirts,Blue,Summer,2012,Casual,Palm Tree Boys Check Blue Shirt,,
53759,Men,Apparel,Topwear,Tshirts,Grey,Summer,2012,Casual,Puma Men Grey T-shirt,,
1855,Men,Apparel,Topwear,Tshirts,Grey,Summer,2011,Casual,Inkfruit Mens Chain Reaction T-shirt,,
7990,Men,Apparel,Topwear,Tshirts,Navy Blue,Fall,2011,Sports,Fila Men's Round Neck Navy Blue T-shirt,,
4729,Boys,Apparel,Topwear,Tshirts,Green,Summer,2011,Casual,Disney Kids Boy's Crew Sea Life Sialing Green Teen Kidswear,,
3954,Women,Apparel,Topwear,Tshirts,Pink,Summer,2011,Casual,Jealous 21 Women's Pink T-shirt,,
5891,Men,Apparel,Topwear,Tshirts,Black,Summer,2011,Casual,Puma Men's Stripe Polo Black T-shirt,,
38630,Women,Apparel,Topwear,Tshirts,Purple,Summer,2012,Casual,Nike Women Purple Polo T-shirt,,
10866,Men,Apparel,Topwear,Tshirts,Red,Fall,2011,Casual,Wrangler Men Motor Rider Red T-Shirts,,
15528,Men,Apparel,Topwear,Tshirts,Black,Fall,2011,Casual,Puma Men Scribble Black Tshirts,,
21379,Men,Apparel,Bottomwear,Track Pants,Black,Fall,2011,Casual,Manchester United Men Solid Black Track Pants,,
17624,Men,Apparel,Bottomwear,Track Pants,Navy Blue,Fall,2011,Sports,ADIDAS Men Solid Navy Blue Track Pant,,
34204,Men,Apparel,Bottomwear,Track Pants,Navy Blue,Fall,2013,Casual,Proline Men Navy Track Pants,,
28451,Women,Apparel,Bottomwear,Track Pants,Black,Summer,2012,Casual,Urban Yoga Women Black Track Pants,,
12538,Men,Apparel,Bottomwear,Track Pants,Blue,Fall,2011,Casual,Puma Men Solid Blue Track Pants,,
34203,Men,Apparel,Bottomwear,Track Pants,Charcoal,Winter,2013,Casual,Proline Men Charcoal Grey Track Pants,,
17623,Men,Apparel,Bottomwear,Track Pants,Grey,Fall,2011,Sports,ADIDAS Men Solid Grey Track Pant,,
1607,Men,Apparel,Bottomwear,Track Pants,Blue,Fall,2010,Sports,Reebok Men trackpant- male Track Pants,,
39386,Men,Apparel,Bottomwear,Jeans,Blue,Summer,2012,Casual,Peter England Men Party Blue Jeans,,
26994,Women,Apparel,Bottomwear,Jeans,Black,Summer,2012,Casual,Jealous 21 Women Black Jeans,,
7193,Women,Apparel,Bottomwear,Jeans,Black,Fall,2011,Casual,Jealous 21 Women Black Jegging,,
40371,Women,Apparel,Bottomwear,Jeans,Navy Blue,Summer,2012,Casual,Tokyo Talkies Women Navy Slim Fit Jeans,,
16508,Men,Apparel,Bottomwear,Jeans,Blue,Fall,2011,Casual,Locomotive Men Washed Blue Jeans,,
26993,Women,Apparel,Bottomwear,Jeans,Blue,Summer,2012,Casual,Jealous 21 Women Washed Blue Jeans,,
51499,Women,Apparel,Bottomwear,Jeans,Blue,Summer,2012,Casual,Denizen Women Blue Jeans,,